aggregator,trustpilot,reddit,decline_index
Swipelux,0.000,0.000,0.000
Utorg,0.015,0.000,0.007
Bit2Me,0.025,0.000,0.013
Mt Pelerin,0.000,0.722,0.361
Mercuryo,0.000,0.833,0.416
Coinify,0.014,0.875,0.445
Kado,0.000,0.909,0.455
Wert,0.000,0.909,0.455
Paybis,0.016,0.917,0.467
Transak,0.021,0.923,0.472
Switchere,0.007,0.956,0.481
Simplex,0.045,0.919,0.482
Banxa,0.013,0.963,0.488
Ramp Network,0.000,0.980,0.490
Onramper,0.000,0.984,0.492
MoonPay,0.000,0.990,0.495
Onramp.money,0.000,1.000,0.500
Stripe (Crypto Onramp),0.000,1.000,0.500
Guardarian,0.005,1.000,0.502
Indacoin,0.010,1.000,0.505
